Ger√§t,Patch Date,Patch Level Status: Compliant (Last 2 Months)
ATSE-LT-BH37,September 2025,true
ATSE-LT-EDV01,September 2025,true
ATSE-LT-MAG56,September 2025,true
ATSE-LT-EDV47,September 2025,true
ATSE-VM-LANGEJ,August 2025,true
ATSE-LT-BH32,September 2025,true
ATSE-LT-BDE0333,September 2025,true
ATSE-LT-GF04,September 2025,true
ATSE-LT-ETECH05,September 2025,true
ATSE-LT-ETECH42,August 2025,true
ATSE-LT-PROD021,September 2025,true
ATSE-LT-PROD069,September 2025,true
ATSE-LT-EDV06,September 2025,true
HUOR-CL-BDE01,September 2025,true
ATSE-LT-EDV52,September 2025,true
ATSE-VM-GRESSPA,August 2025,true
ATSE-VM-PEXA1,September 2025,true
ATSE-LT-EDV20,September 2025,true
CNSH-LT-ACC04,September 2025,true
ATSE-LT-BDE4269,September 2025,true
ATSE-LT-BDE0010,September 2025,true
ATSE-LT-EDV23,September 2025,true
ATSE-LT-TD42,September 2025,true
ATSE-LT-BDE0100,September 2025,true
ATSE-LT-SV85,September 2025,true
ATSE-LT-BDE0025,September 2025,true
ATSE-LT-BDE0169,September 2025,true
ATSE-LT-ETECH13,August 2025,true
ATSE-LT-BDE0150,September 2025,true
ATSE-LT-DEV31,August 2025,true
ATSE-VM-PASSEG1,September 2025,true
ATSE-LT-BDE0099,September 2025,true
ATSE-LT-EDV18,September 2025,true
ATSE-LT-PROD025,September 2025,true
ATSE-LT-AV03,September 2025,true
ATSE-LT-SV26,September 2025,true
ATSE-LT-PROD24,September 2025,true
ATSE-LT-PM05,September 2025,true
ATSE-LT-BDE0045,September 2025,true
PLWS-LT-SW06,September 2025,true
ATSE-LT-BH22,September 2025,true
ATSE-LT-PJ08,September 2025,true
ATSE-LT-BDE6969,September 2025,true
ATSE-LT-MONT036,September 2025,true
AEDU2-LT-DEV40,August 2025,true
ATSE-LT-BDE0006,September 2025,true
ATSE-LT-BDE0038,September 2025,true
ATSE-LT-MONT080,September 2025,true
ATSE-LT-DOKU02,September 2025,true
USBU-LT-SVR10,September 2025,true
USBU-LT-SVR09,September 2025,true
ATSE-LT-CAD025,September 2025,true
ATSE-LT-LBS07,August 2025,true
AUTOPI-HCSZPJX4,September 2025,true
ATSE-LT-MONT048,September 2025,true
ATSE-LT-PROD037,September 2025,true
DECE-LT-GF01,July 2025,true
AUBE-LT-ACC07,September 2025,true
ATSE-VM-FF-L2,September 2025,true
ATSE-LT-BDE0062,September 2025,true
ATSE-LT-BDE0063,September 2025,true
ATSE-LT-BDE0069,September 2025,true
ATSE-LT-ETECH12,September 2025,true
ATSE-LT-PROD070,September 2025,true
ATSE-LT-PROD014,September 2025,true
ATSE-LT-BDE0201,September 2025,true
WIN11-TC4024,September 2025,true
CNSH-LT-CO03,September 2025,true
ATSE-LT-EDV48,September 2025,true
ATSE-LT-BDE0007,September 2025,true
CNSH-LT-SER56,September 2025,true
ATSE-LT-BDE0002,September 2025,true
ATSE-LT-MAG18,September 2025,true
ATSE-LT-BDE0043,September 2025,true
ATSE-LT-BDE0057,September 2025,true
ATSE-LT-ETECH96,September 2025,true
ATSE-LT-BDE0048,September 2025,true
ATSE-LT-BDE0051,September 2025,true
ATSE-LT-BDE0028,September 2025,true
ATSE-LT-MAG08,September 2025,true
ATSE-LT-MONT046,September 2025,true
ATSE-LT-PROD073,September 2025,true
ATSE-LT-PROD024,September 2025,true
ATSE-LT-BDE0059,September 2025,true
ATSE-LT-BDE0022,September 2025,true
ATSE-LT-BDE0053,September 2025,true
ATSE-LT-EDV07,September 2025,true
ATSE-LT-EDV02,August 2025,true
USBU-LT-ACC01,September 2025,true
ATSE-VDI-CAD003,August 2025,true
ATSE-LT-BDE0065,July 2025,true
ATSE-CL-STAMP02,September 2025,true
ATSE-TEST-WIN7,September 2025,true
USBU-LT-ACC03,September 2025,true
USBU-CL-EDV01,September 2025,true
USBU-LT-SV06,September 2025,true
USBU-LT-MONT02,September 2025,true
USBU-LT-SW03,September 2025,true
USBU-LT-SV10,September 2025,true
USBU-LT-SW04,September 2025,true
USBU-LT-SALES07,September 2025,true
ATSE-LT-VK22,August 2025,true
ATSE-LT-BH11,September 2025,true
USBU-LT-SPARE01,August 2025,true
ATSE-LT-CO06,August 2025,true
ATSE-LT-CO10,August 2025,true
ATSE-LT-BH15,September 2025,true
ATSE-LT-CO22,August 2025,true
ATSE-LT-CO14,September 2025,true
ATSE-LT-BH09,September 2025,true
ATSE-LT-CO05,September 2025,true
ATSE-LT-CO09,September 2025,true
ATSE-LT-FF13,September 2025,true
ATSE-LT-REC02,September 2025,true
ATSE-LT-LV04,August 2025,true
ATSE-LT-CO18,August 2025,true
ATSE-LT-LV27,September 2025,true
ATSE-LT-FF03,September 2025,true
ATSE-LT-LV02,August 2025,true
ATSE-LT-LV13,August 2025,true
ATSE-LT-LV34,August 2025,true
ATSE-LT-FF14,September 2025,true
ATSE-LT-GFA02,August 2025,true
ATSE-LT-LV25,August 2025,true
ATSE-LT-LV30,September 2025,true
ATSE-LT-CO11,August 2025,true
ATSE-LT-GFA01,August 2025,true
ATSE-LT-LV36,August 2025,true
ATSE-LT-REC06,August 2025,true
ATSE-LT-MA10,September 2025,true
ATSE-LT-MA07,August 2025,true
ATSE-LT-BH27,September 2025,true
ATSE-LT-SV89,August 2025,true
ATSE-LT-FF08,September 2025,true
ATSE-LT-VK03,September 2025,true
ATSE-LT-SV53,September 2025,true
ATSE-LT-VK18,September 2025,true
ATSE-LT-LV31,September 2025,true
ATSE-LT-VK28,August 2025,true
ATSE-LT-VK38,September 2025,true
ATSE-LT-FF11,September 2025,true
ATSE-LT-VK12,September 2025,true
ATSE-LT-VK15,September 2025,true
ATSE-LT-SV71,September 2025,true
ATSE-LT-SV59,September 2025,true
ATSE-LT-SV11,September 2025,true
ATSE-LT-SV69,September 2025,true
ATSE-LT-SV62,August 2025,true
ATSE-LT-SV49,August 2025,true
ATSE-LT-SV03,September 2025,true
ATSE-LT-SV99,August 2025,true
ATSE-LT-SV70,September 2025,true
ATSE-LT-SV13,September 2025,true
ATGR-LT-GF03,September 2025,true
ATSE-LT-VK01,September 2025,true
ATSE-LT-SV54,September 2025,true
ATSE-LT-SV38,September 2025,true
ATSE-LT-SV18,September 2025,true
DECE-LT-DEV06,September 2025,true
ATSE-LT-SV83,September 2025,true
ATSE-LT-VK42,September 2025,true
ATSE-LT-SV06,September 2025,true
ATSE-LT-SV88,August 2025,true
ATGR-LT-ACC04,August 2025,true
ATSE-LT-VK07,April 2025,false
ATSE-LT-SV45,September 2025,true
ATSE-LT-SV01,September 2025,true
ATSE-LT-SV20,September 2025,true
HUOR-LT-OFF07,August 2025,true
ATSE-LT-VK29,September 2025,true
ATSE-LT-REC07,August 2025,true
ATSE-LT-SV22,July 2025,true
ATSE-LT-SV66,September 2025,true
ATGR-LT-ACC05,September 2025,true
ATSE-LT-SV23,September 2025,true
AUBE-LT-SW11,September 2025,true
AUBE-LT-MONT09,August 2025,true
HUOR-LT-ACC06,August 2025,true
ATSE-LT-SV14,August 2025,true
ATSE-LT-VK31,September 2025,true
ATSE-LT-VK25,August 2025,true
ATSE-LT-VK20,August 2025,true
ATSE-LT-SV32,September 2025,true
ATSE-LT-SV52,September 2025,true
ATSE-LT-SV96,September 2025,true
ATSE-LT-VK27,September 2025,true
ATSE-LT-SV79,September 2025,true
ATSE-LT-SV92,September 2025,true
ATSE-LT-LV01,August 2025,true
ATSE-LT-BH02,September 2025,true
HUOR-LT-ACC02,September 2025,true
HUOR-LT-ACC07,September 2025,true
ATSE-LT-SV12,September 2025,true
ATSE-LT-VK23,September 2025,true
ATSE-LT-FF06,September 2025,true
ATSE-LT-SV09,August 2025,true
ATSE-LT-VK08,September 2025,true
ATSE-LT-REC01,August 2025,true
ATSE-LT-VK04,August 2025,true
ATSE-LT-VK11,August 2025,true
HUOR-LT-OFF06,August 2025,true
ATSE-LT-LV28,September 2025,true
ATSE-LT-SV91,September 2025,true
ATSE-LT-VK21,September 2025,true
ATGR-LT-ACC01,September 2025,true
ATGR-LT-TECH01,August 2025,true
ATSE-LT-MA02,September 2025,true
ATSE-LT-VK14,August 2025,true
DEKA-LT-VK8,September 2025,true
DEKA-LT-VK09,September 2025,true
ATSE-LT-VK17,August 2025,true
ATSE-LT-VK30,September 2025,true
ATSE-LT-SV77,September 2025,true
ATSE-CL-DNC27,September 2025,true
DEKA-LT-VK10,September 2025,true
CZBR-CL-VK03,August 2025,true
ATSE-CL-DNC3637,September 2025,true
DEKA-LT-GF01,September 2025,true
ATSE-CL-DNC3631,August 2025,true
AUBE-LT-SV09,September 2025,true
ATSE-LT-DOKU01,August 2025,true
ATSE-LT-DOKU13,September 2025,true
ATSE-LT-DOKU17,September 2025,true
ATSE-LT-SV100,July 2025,true
DEKA-LT-SV04,September 2025,true
DEKA-LT-SV09,August 2025,true
ATSE-LT-DOKU14,September 2025,true
DEKA-LT-SV05,August 2025,true
ATSE-LT-VK24,July 2025,true
ATSE-LT-TS05,August 2025,true
ATSE-LT-PRODM03,September 2025,true
ATSE-LT-CAD055,September 2025,true
ATSE-LT-EPL14,August 2025,true
ATSE-LT-DEV22,August 2025,true
ATSE-LT-ETECH51,September 2025,true
ATSE-LT-ZOLL03,September 2025,true
ATSE-LT-TD24,September 2025,true
ATSE-LT-ETECH43,August 2025,true
ATSE-LT-ZOLL17,September 2025,true
ATSE-LT-CAD057,September 2025,true
ATSE-LT-CAD052,September 2025,true
ATSE-CL-BDE0536,September 2025,true
ATSE-LT-TD10,August 2025,true
ATSE-CL-TS02,September 2025,true
ATSE-CL-FF01,September 2025,true
ATSE-LT-ZOLL19,August 2025,true
ATSE-CL-BDE0522,September 2025,true
ATSE-LT-MAG12,August 2025,true
ATSE-LT-CAD047,September 2025,true
ATSE-LT-EK26,August 2025,true
ATSE-CL-BDE0159,August 2025,true
ATSE-LT-ETECH27,September 2025,true
ATSE-LT-CAD110,September 2025,true
ATSE-LT-AV14,September 2025,true
ATSE-LT-NC008,August 2025,true
ATSE-CL-BDE0524,September 2025,true
ATSE-CL-SL26,September 2025,true
ATSE-CL-BDE0539,September 2025,true
ATSE-LT-TD014,September 2025,true
ATSE-LT-ETECH23,September 2025,true
ATSE-LT-MAG02,September 2025,true
ATSE-LT-EK05,September 2025,true
ATSE-LT-CO08,September 2025,true
ATSE-LT-TS08,August 2025,true
ATSE-LT-SUP03,September 2025,true
ATSE-VM-SHOW01,September 2025,true
ATSE-CL-BDE0128,September 2025,true
ATSE-LT-ETECH30,July 2025,true
ATSE-LT-PDTM05,September 2025,true
ATSE-LT-SUP12,September 2025,true
ATSE-LT-SUP11,August 2025,true
ATSE-LT-ETECH26,September 2025,true
ATSE-LT-TD14,September 2025,true
ATSE-LT-DEV05,September 2025,true
ATSE-LT-PRODM19,September 2025,true
ATSE-LT-TD16,September 2025,true
ATSE-LT-MONT225,September 2025,true
ATSE-LT-ETECH49,September 2025,true
ATSE-LT-TD25,September 2025,true
ATSE-LT-TR01,September 2025,true
ATSE-CL-BDE0535,September 2025,true
ATSE-LT-DEV27,September 2025,true
ATSE-LT-PRODM08,September 2025,true
ATSE-LT-QM06,September 2025,true
ATSE-LT-AV17,September 2025,true
ATSE-LT-ETECH15,September 2025,true
ATSE-LT-DEV92,August 2025,true
ATSE-LT-CAD112,August 2025,true
ATSE-LT-ETECH07,August 2025,true
ATSE-LT-MONT016,August 2025,true
ATSE-LT-ETECH41,August 2025,true
ATSE-LT-PDTM02,August 2025,true
ATSE-CL-BDE0009,August 2025,true
ATSE-CL-BDE0143,October 2024,false
ATSE-CL-BDE0018,September 2025,true
ATSE-CL-BDE0525,September 2025,true
ATSE-CL-BDE0505,August 2025,true
ATSE-LT-BDE0138,February 2025,false
ATSE-LT-ETECH99,September 2025,true
ATSE-LT-ETECH71,July 2025,true
ATSE-LT-EK21,August 2025,true
ATSE-CL-BDE0140,September 2025,true
ATSE-LT-ETECH17,September 2025,true
ATSE-LT-ETECH37,September 2025,true
ATSE-LT-NC007,September 2025,true
ATSE-CL-BDE0531,September 2025,true
ATSE-LT-AV09,September 2025,true
ATSE-LT-MAG62,September 2025,true
ATSE-LT-DEV06,September 2025,true
ATSE-CL-BDE0052,September 2025,true
ATSE-LT-PDTM08,August 2025,true
ATSE-LT-QM26,September 2025,true
ATSE-LT-ETECH57,August 2025,true
ATSE-LT-ETECH65,September 2025,true
ATSE-LT-CAD065,September 2025,true
ATSE-LT-CAD023,September 2025,true
ATSE-LT-DEV08,September 2025,true
ATSE-LT-MAG15,September 2025,true
ATSE-LT-TD03,August 2025,true
ATSE-LT-ETECH10,September 2025,true
ATSE-LT-MAG54,August 2025,true
ATSE-LT-ETECH36,September 2025,true
ATSE-LT-EK28,September 2025,true
ATSE-LT-MAG71,September 2025,true
ATSE-CL-BDE0510,September 2025,true
ATSE-CL-MAG64,August 2025,true
ATSE-CL-BDE0513,September 2025,true
ATSE-CL-BDE0515,September 2025,true
ATSE-CL-BDE0512,September 2025,true
ATSE-LT-CAD007,June 2025,false
ATSE-CL-BDE0504,September 2025,true
ATSE-CL-BDE0196,September 2025,true
ATSE-CL-BDE0045,June 2025,false
ATSE-CL-BDE0527,September 2025,true
ATSE-CL-BDE0037,September 2025,true
ATSE-CL-BDE0016,August 2025,true
ATSE-CL-BDE0021,August 2025,true
ATSE-LT-BDE0041,September 2025,true
ATSE-LT-CAD114,September 2025,true
ATSE-LT-CAD120,August 2025,true
ATSE-CL-BDE0051,September 2025,true
ATSE-LT-PM04,September 2025,true
ATSE-CL-MA01,September 2025,true
ATSE-LT-ETECH33,September 2025,true
ATSE-CL-BDE0004,September 2025,true
ATSE-CL-BDE0139,August 2025,true
ATSE-CL-BDE0002,September 2025,true
ATSE-LT-SL09,September 2025,true
ATSE-LT-ETECH54,September 2025,true
ATSE-LT-CAD105,September 2025,true
ATSE-LT-SL10,August 2025,true
ATSE-LT-PRODM20,September 2025,true
ATSE-LT-CAD042,September 2025,true
ATSE-LT-CAD010,September 2025,true
ATSE-CL-BDE0142,September 2025,true
ATSE-LT-EK22,August 2025,true
ATSE-LT-ETECH60,August 2025,true
ATSE-LT-PM19,August 2025,true
ATSE-LT-MAG26,August 2025,true
ATSE-LT-EPL03,August 2025,true
ATSE-CL-LBS41,September 2025,true
ATSE-LT-TD22,September 2025,true
ATSE-CL-SV20,September 2025,true
ATSE-LT-NC100,September 2025,true
ATSE-LT-CAD024,September 2025,true
ATSE-LT-BD02,September 2025,true
ATSE-LT-PDTM04,September 2025,true
ATSE-LT-MAG60,September 2025,true
ATSE-CL-BDE0519,September 2025,true
ATSE-LT-BDE0183,September 2025,true
ATSE-LT-NC011,August 2025,true
ATSE-LT-TS20,September 2025,true
ATSE-LT-ETECH38,August 2025,true
ATSE-LT-ETECH80,July 2025,true
ATSE-LT-LL06,September 2025,true
ATSE-CL-BDE0509,September 2025,true
ATSE-LT-EPL13,August 2025,true
ATSE-LT-TD15,August 2025,true
ATSE-CL-QM06,August 2025,true
ATSE-LT-BDE0037,August 2025,true
ATSE-LT-DEV11,August 2025,true
ATSE-LT-ETECH72,September 2025,true
ATSE-LT-ZOLL15,September 2025,true
ATSE-LT-DEV10,August 2025,true
ATSE-LT-BDE0070,September 2025,true
ATSE-LT-TS16,September 2025,true
ATSE-LT-DEV30,September 2025,true
ATSE-LT-ETECH94,September 2025,true
ATSE-LT-QM29,September 2025,true
ATSE-LT-BDE0131,September 2025,true
ATSE-CL-BDE0164,August 2025,true
ATSE-CL-BDE0043,August 2025,true
ATSE-CL-BDE0514,September 2025,true
ATSE-CL-BDE0518,September 2025,true
ATSE-LT-PDTM11,September 2025,true
ATSE-LT-LL04,August 2025,true
ATSE-LT-CAD050,August 2025,true
ATSE-CL-BDE0168,August 2025,true
ATSE-CL-BDE0013,September 2025,true
ATSE-LT-MAG75,September 2025,true
ATSE-LT-CAD008,September 2025,true
ATSE-LT-CAD063,August 2025,true
ATSE-CL-BDE0111,September 2025,true
ATSE-LT-EPL15,September 2025,true
ATSE-VM-SHOW02,June 2025,false
ATSE-LT-MAG03,September 2025,true
ATSE-LT-CAD027,August 2025,true
ATSE-LT-CAD046,September 2025,true
ATSE-LT-ETECH35,September 2025,true
ATSE-CL-BDE0022,September 2025,true
ATSE-LT-CAD064,September 2025,true
ATSE-CL-BDE0136,September 2025,true
ATSE-CL-BDE0033,August 2025,true
ATSE-LT-CAD054,August 2025,true
ATSE-LT-EPL01,August 2025,true
ATSE-CL-BDE0044,September 2025,true
ATSE-LT-MAG05,October 2024,false
ATSE-LT-EPL12,September 2025,true
ATSE-CL-BDE0161,August 2025,true
ATSE-CL-BDE0511,September 2025,true
ATSE-LT-BTR05,September 2025,true
ATSE-CL-BDE0141,September 2025,true
ATSE-CL-BDE0157,September 2025,true
ATSE-LT-CAD011,September 2025,true
ATSE-CL-BDE0516,September 2025,true
ATSE-CL-BDE0048,September 2025,true
ATSE-CL-BDE0053,September 2025,true
ATSE-LT-CAD016,September 2025,true
ATSE-LT-PM16,September 2025,true
ATSE-LT-EPL16,August 2025,true
ATSE-CL-BDE0508,September 2025,true
ATSE-CL-BDE0123,September 2025,true
CZBR-LT-MONT04,August 2025,true
ATSE-CL-BDE0190,September 2025,true
ATSE-LT-TS02,September 2025,true
ATSE-LT-EK10,September 2025,true
ATSE-LT-EPL18,August 2025,true
ATSE-LT-EPL11,September 2025,true
ATSE-LT-DEV26,August 2025,true
ATSE-LT-NC010,August 2025,true
ATSE-LT-MAG27,August 2025,true
ATSE-LT-CAD035,September 2025,true
ATSE-LT-CAD056,September 2025,true
ATSE-LT-ETECH34,August 2025,true
ATSE-LT-ETECH93,September 2025,true
ATSE-LT-SUP08,September 2025,true
ATSE-LT-PDTM07,September 2025,true
ATSE-LT-SL18,September 2025,true
ATSE-LT-EPL09,August 2025,true
ATSE-LT-CAD036,August 2025,true
ATSE-LT-CAD014,September 2025,true
ATSE-LT-TD17,August 2025,true
ATSE-LT-QM23,September 2025,true
ATSE-LT-BTR01,August 2025,true
ATSE-LT-ETECH16,September 2025,true
ATSE-LT-LV39,September 2025,true
ATSE-LT-EK25,August 2025,true
ATSE-LT-TS09,August 2025,true
ATSE-LT-MAG67,September 2025,true
ATSE-LT-PDTM13,September 2025,true
ATSE-LT-ETECH21,September 2025,true
ATSE-LT-CAD031,August 2025,true
ATSE-LT-MAG29,September 2025,true
ATSE-LT-ETECH70,September 2025,true
ATSE-LT-SUP04,August 2025,true
ATSE-LT-BDE0019,September 2025,true
ATSE-LT-QM08,September 2025,true
ATSE-LT-PDTM03,September 2025,true
ATSE-LT-EK27,September 2025,true
ATSE-LT-ETECH18,September 2025,true
ATSE-LT-ETECH47,August 2025,true
ATSE-LT-CAD041,September 2025,true
ATSE-LT-TD013,August 2025,true
ATSE-LT-ETECH56,September 2025,true
ATSE-CL-BDE0074,September 2025,true
ATSE-LT-TS22,September 2025,true
ATSE-LT-ETECH61,September 2025,true
ATSE-LT-ETECH19,August 2025,true
ATSE-LT-ETECH44,August 2025,true
ATSE-LT-ETECH14,September 2025,true
ATSE-LT-SL20,September 2025,true
ATSE-LT-SL04,September 2025,true
ATSE-LT-ETECH69,August 2025,true
ATSE-LT-CAD058,August 2025,true
ATSE-LT-EPL21,August 2025,true
ATSE-LT-DEV21,September 2025,true
ATSE-LT-ETECH20,August 2025,true
ATSE-LT-INO29,September 2025,true
ATSE-LT-SUP06,September 2025,true
ATSE-LT-EDV67,September 2025,true
ATSE-LT-ETECH04,September 2025,true
ATSE-LT-MONT115,July 2025,true
ATSE-LT-MAG28,September 2025,true
ATSE-LT-DEV20,September 2025,true
ATSE-LT-SV17,September 2025,true
ATSE-LT-LISECK1,July 2025,true
ATSE-LT-MONT156,August 2025,true
ATSE-LT-PDTM12,September 2025,true
ATSE-LT-AV10,September 2025,true
ATSE-LT-AV16,September 2025,true
ATSE-LT-AV08,September 2025,true
ATSE-LT-CAD013,August 2025,true
ATSE-LT-BDE0039,September 2025,true
ATSE-LT-BH31,August 2025,true
ATSE-LT-EPL20,September 2025,true
PLWS-LT-ACC02,September 2025,true
ATSE-LT-CAD026,August 2025,true
ATSE-LT-ETECH24,August 2025,true
PLWS-LT-VK03,September 2025,true
ATSE-CL-MA02,September 2025,true
PLWS-LT-MONT10,September 2025,true
PLWS-LT-MONT09,September 2025,true
ATSE-LT-ZOLL18,August 2025,true
PLWS-LT-OFF06,August 2025,true
ATSE-LT-SV40,August 2025,true
ATSE-LT-PM23,September 2025,true
PLWS-LT-MONT12,September 2025,true
ATSE-LT-SV36,September 2025,true
CNSH-LT-VK04,September 2025,true
CNSH-LT-VK03,September 2025,true
CNSH-LT-VK02,September 2025,true
CNSH-LT-SER48,September 2025,true
CNSH-LT-VK20,September 2025,true
CNSH-CL-CAD01,September 2025,true
CNSH-LT-AUT03,September 2025,true
CNSH-LT-OFF01,August 2025,true
ATSE-LT-BDE0012,September 2025,true
ATSE-LT-QM05,August 2025,true
ATSE-LT-MAG31,September 2025,true
ATSE-CL-MAG18,September 2025,true
ATSE-CL-BDE0034,September 2025,true
CNSH-LT-ACC03,August 2025,true
ATSE-CL-BDE0047,September 2025,true
ATSE-LT-SV65,September 2025,true
ATSE-LT-LL02,September 2025,true
ATSE-LT-CAD039,September 2025,true
ATSE-LT-SL01,September 2025,true
CNSH-LT-VK06,September 2025,true
ATSE-LT-DEV93,September 2025,true
ATSE-LT-ZOLL13,September 2025,true
ATSE-LT-ETECH25,September 2025,true
ATSE-LT-CAD004,August 2025,true
CNSH-LT-MAN01,September 2025,true
ATSE-LT-ETECH31,September 2025,true
ATSE-LT-PJ09,September 2025,true
ATSE-LT-EDV51,September 2025,true
ATSE-LT-ETECH77,August 2025,true
ATSE-LT-SV27,September 2025,true
ROBR-LT-MONT03,August 2025,true
ATSE-LT-BDE0117,September 2025,true
ROBR-CL-SALES01,August 2025,true
ROBR-LT-SALES03,September 2025,true
PLWS-LT-VK05,August 2025,true
PLWS-LT-SW01,September 2025,true
ATSE-LT-LL05,September 2025,true
PLWS-LT-SV01,September 2025,true
PLWS-LT-ACC01,August 2025,true
ROBR-LT-MONT01,September 2025,true
ITNO-LT-SV03,August 2025,true
ATSE-LT-ETECH28,September 2025,true
ATSE-LT-SV08,January 2024,false
DECE-LT-DEV05,September 2025,true
ESCO-LT-SV01,September 2025,true
BRSP-LT-VK11,September 2025,true
AEDU2-LT-SERV58,September 2025,true
ITNO-LT-SW05,September 2025,true
AEDU2-LT-DEV77,September 2025,true
UKTE-LT-SV03,September 2025,true
UKTE-LT-SV04,September 2025,true
UKTE-LT-MONT015,September 2025,true
RUMO-LT-SW01,August 2025,true
ATSW-CL-IT02WX,September 2025,true
UKTE-LT-ACC03,September 2025,true
ATSE-VM-PASSEG3,August 2025,true
ATSE-VDI-CAD05,July 2024,false
ATSE-VDI-CAD04,July 2025,true
ATSE-VM-ROGNEDA,September 2025,true
LIVI-LT-ACC05,September 2025,true
AEDU2-LT-DEV62,September 2025,true
CNSH-LT-SER03,September 2025,true
ESCO-LT-SW10,September 2025,true
ITNO-LT-SW12,September 2025,true
ESCO-LT-SW12,September 2025,true
ITNO-LT-ADM11,August 2025,true
UKTE-LT-MONT013,September 2025,true
AEDU2-LT-DEV81,September 2025,true
ITNO-LT-SW03,September 2025,true
AEDU2-LT-ADM03,September 2025,true
AEDU2-LT-SERV01,September 2025,true
ATSE-ITEST-PC05,September 2025,true
ESCO-LT-SALES02,August 2025,true
AEDU2-LT-DEV82,August 2025,true
ITNO-LT-VK03,September 2025,true
AEDU2-LT-DEV90,September 2025,true
AEDU2-LT-DEV76,September 2025,true
ITNO-LT-ADM23,September 2025,true
AEDU2-LT-SER52,September 2025,true
ATSE-LT-SV46,September 2025,true
DEKA-LT-MONT23,July 2025,true
AEDU2-LT-DEV73,September 2025,true
AEDU2-LT-SER53,September 2025,true
AEDU2-LT-DEV80,September 2025,true
AEDU2-LT-DEV87,April 2025,false
AEDU2-LT-DEV67,August 2025,true
AEDU2-LT-DEV69,September 2025,true
ITNO-LT-SV06,September 2025,true
RUMO-LT-SW02,August 2025,true
ITNO-LT-ADM08,September 2025,true
LIVI-LT-ACC04,September 2025,true
KO-LT-SALES01,August 2025,true
AEDU2-LT-DEV86,August 2025,true
UKTE-LT-SALES02,September 2025,true
UKTE-LT-ACC02,August 2025,true
RUMO-LT-VK01,September 2025,true
ESCO-LT-ACC04,September 2025,true
ITNO-LT-VK01,August 2025,true
LIVI-LT-SALES06,September 2025,true
ATSE-LT-CAD003,September 2025,true
AEDU2-LT-DEV88,September 2025,true
PLWS-LT-OFF05,August 2025,true
ATSE-LT-DEV18,September 2025,true
AEDU2-LT-SER49,August 2025,true
DEKA-LT-SV08,August 2025,true
ATSE-LT-SL23,September 2025,true
ATSE-LT-PRODM14,September 2025,true
AEDU2-LT-SALE02,September 2025,true
ATSE-LT-ZOLL02,September 2025,true
ATSE-VDI-CAD03,July 2024,false
ATSE-CL-PT03,September 2025,true
ATSE-LT-MAG64,September 2025,true
ATSE-LT-BDE0055,September 2025,true
AEDU2-LT-DEV11,September 2025,true
ATSE-CL-BDE0534,September 2025,true
CZBR-CL-VK05,September 2025,true
Spielwiese,August 2025,true
AEDU2-LT-SER50,September 2025,true
ATSE-LT-MONT032,September 2025,true
ATSE-LT-DNC01,September 2025,true
ROBR-LT-SW04,August 2025,true
ATSE-LT-ETECH75,September 2025,true
ATSE-CL-BDE0547,September 2025,true
ATSE-CL-BDE0529,September 2025,true
ATSE-LT-DEV94,September 2025,true
ATSE-LT-MAG32,September 2025,true
ATSE-CL-IFP1,September 2025,true
ATSE-CL-IFP2,September 2025,true
ATSE-CL-IFP5,September 2025,true
ATSE-CL-IFP3,September 2025,true
ATSE-CL-IFP4,September 2025,true
ATSE-LT-FF07,September 2025,true
UKTE-LT-MONT001,August 2025,true
AEDU2-LT-SER51,September 2025,true
AEDU-LT-MONT13,September 2025,true
ATSE-VDI-CAD02,September 2025,true
AEDU-LT-SERV01,September 2025,true
ATSE-CL-BDE0544,September 2025,true
ITNO-LT-ACC06,August 2025,true
ATSE-CL-BDE0546,September 2025,true
ITNO-LT-ACC05,August 2025,true
AEDU-LT-MONT26,August 2025,true
ATSE-CL-BDE0528,September 2025,true
ATSE-CL-BDE0521,September 2025,true
ATSE-CL-BDE0523,September 2025,true
ATSE-CL-BDE0526,September 2025,true
ATSE-LT-EDV72,September 2025,true
ATSE-CL-ZOLL20,September 2025,true
ATSE-LT-TS19,September 2025,true
ATSE-LT-CAD019,September 2025,true
AEDU2-LT-DEV78,August 2025,true
AEDU2-LT-ADM01,September 2025,true
ATSE-CL-ELEARN3,September 2025,true
ATSE-CL-ELEARN4,September 2025,true
PLWS-LT-MONT05,August 2025,true
USBU-LT-SW05,August 2025,true
USBU-LT-SV03,September 2025,true
USBU-LT-EDV01,June 2025,false
ATSE-CL-QM05,September 2025,true
AEDU2-LT-DEV99,August 2025,true
USBU-CL-GF01,September 2025,true
PLWS-LT-VK07,July 2025,true
AEDU2-LT-DEV68,August 2025,true
AEDU2-LT-DEV85,September 2025,true
ATSE-LT-VK33,September 2025,true
ATSE-LT-SV101,September 2025,true
ATSE-LT-PRODM12,September 2025,true
ATSE-LT-QM12,September 2025,true
PLWS-LT-MONT04,July 2025,true
ATSE-LT-ETECH52,September 2025,true
ATSE-LT-DEV09,September 2025,true
ATSE-LT-ETECH06,September 2025,true
ATSE-LT-ETECH11,September 2025,true
ATSE-LT-MONT226,September 2025,true
ATSE-LT-DOKU20,September 2025,true
ATSE-VDI-EPL07,September 2025,true
ATSE-VDI-NC04,September 2025,true
ATSE-VDI-NC03,September 2025,true
ATSE-VDI-EPL15,August 2025,true
ATSE-VDI-EPLT2,July 2025,true
ATSE-VDI-EPL12,March 2025,false
ATSE-VDI-EPLT3,September 2025,true
ATSE-VDI-EPL06,August 2025,true
ATSE-LT-CO24,September 2025,true
ATSE-VDI-EPL09,September 2025,true
ATSE-VDI-NC02,September 2025,true
ATSE-VDI-EPL01,September 2025,true
ATSE-VDI-EPL13,September 2025,true
ATSE-VDI-EPL05,September 2025,true
ATSE-VDI-NC05,September 2025,true
ATSE-VDI-NC01,September 2025,true
ATSE-VDI-EPL04,August 2025,true
ATSE-VDI-EPL08,August 2025,true
ATSE-VDI-EPL10,August 2025,true
ATSE-VDI-EPL03,September 2025,true
ATSE-VDI-EPL16,September 2025,true
ATSE-VDI-EPL11,September 2025,true
ATSE-VDI-EPL14,August 2025,true
CNSH-LT-SER07,September 2025,true
ATSE-CL-BDE0548,September 2025,true
ATSE-CL-BDE0549,September 2025,true
ATSE-CL-BDE0550,September 2025,true
ATSE-CL-BDE0551,September 2025,true
ATSE-LT-PM01,September 2025,true
ATSE-LT-CAD040,September 2025,true
ATSE-LT-ETECH63,September 2025,true
ATSE-LT-BH14,September 2025,true
CNSH2-LT-SPA02,September 2025,true
DEKA-LT-MONT19,September 2025,true
ATSE-LT-EDV70,September 2025,true
ATSE-LT-SV44,September 2025,true
ATSE-LT-BH16,September 2025,true
ATSE-LT-CAD018,September 2025,true
ATSE-LT-BDE0195,August 2025,true
ATSE-LT-PDTM09,September 2025,true
ATSE-CL-BDE0552,September 2025,true
ATSE-CL-BDE0554,September 2025,true
ATSE-CL-BDE0553,September 2025,true
ATSE-CL-BDE0557,September 2025,true
ATSE-CL-BDE0558,September 2025,true
ATSE-CL-BDE0560,September 2025,true
ATSE-CL-BDE0561,September 2025,true
ATSE-CL-BDE0562,September 2025,true
ATSE-LT-CAD126,August 2025,true
ATSE-CL-DNC4154,September 2025,true
ATSE-CL-DNC3630,September 2025,true
ATSE-LT-EDV30,September 2025,true
ATSE-CL-DNC3623,September 2025,true
ATSE-CL-DNC3626,September 2025,true
ATSE-LT-CAD017,September 2025,true
ATSE-CL-DNC52,September 2025,true
ATSE-CL-DNC3625,September 2025,true
ATSE-CL-DNC3620,September 2025,true
ATSE-CL-MAG03,August 2025,true
ATSE-LT-CAD051,September 2025,true
ATSE-CL-DNC3605,September 2025,true
ATSE-LT-DOKU10,August 2025,true
ATSE-LT-EDV03,August 2025,true
ATSE-LT-TD02,September 2025,true
ATSE-LT-EK02,September 2025,true
ATSE-LT-DEV12,September 2025,true
ATSE-LICAD03,September 2025,true
AUTOPI-BOHJ2Z6S,August 2025,true
ATSE-LT-DOKU04,September 2025,true
ATSE-LT-VK44,August 2025,true
ATSE-CL-BDE0506,September 2025,true
ATSE-CL-BDE0520,September 2025,true
HUOR-LT-ACC08,September 2025,true
ESCO-LT-MONT03,September 2025,true
HUOR-LT-QM02,September 2025,true
DEKA-LT-MONT21,August 2025,true
DEKA-LT-BH01,August 2025,true
ATSE-LT-EDV09,September 2025,true
LIVI-LT-ACC02,September 2025,true
ATSE-LT-EDV08,September 2025,true
AEDU2-LT-SERV62,September 2025,true
ATSE-LT-VK02,August 2025,true
ATSE-LT-MONT004,September 2025,true
ATSE-LT-DEV07,September 2025,true
ATSE-LT-DEV13,September 2025,true
ATSE-LT-FF17,September 2025,true
ATSE-LT-EDV28,September 2025,true
ITNO-LT-DEV04,September 2025,true
ITNO-LT-DEV06,September 2025,true
ITNO-LT-DEV03,September 2025,true
ITNO-LT-DEV02,September 2025,true
ITNO-LT-DEV01,September 2025,true
ATSE-LT-SV07,September 2025,true
ATSE-LT-ETECH02,September 2025,true
ATSE-LT-EDV05,September 2025,true
TKIS-LT-VK01,September 2025,true
ATSE-LT-VK06,September 2025,true
ATSE-LT-EDV33,September 2025,true
DECE-LT-DEV07,September 2025,true
ATSE-LT-AV13,September 2025,true
ATSE-LT-EK03,September 2025,true
ATSE-LT-CO01,September 2025,true
UAKI-LT-VK01,July 2025,true
UKTE-LT-SW01,September 2025,true
ATSE-LT-ETECH08,September 2025,true
ATSE-LT-SV02,September 2025,true
ATSE-LT-ETECH09,September 2025,true
ATSE-LT-LBS42,September 2025,true
ATSE-LT-LL07,September 2025,true
ATSE-LT-EDV69,September 2025,true
ATSE-CL-INSTH11,September 2025,true
UKTE-LT-SW02,September 2025,true
ATSE-LT-CAD059,September 2025,true
ESCO-LT-SW02,September 2025,true
ATSE-CL-PAN102,September 2025,true
ITNO-LT-SW02,September 2025,true
ITNO-LT-ADM01,September 2025,true
ATSE-LT-CO13,September 2025,true
ATSE-LT-REC09,August 2025,true
ITNO-LT-SV01,September 2025,true
ATSE-SOSO1,September 2025,true
ATSE-LT-LL01,September 2025,true
ATSE-LT-SV19,August 2025,true
ATSE-LT-PDTM15,September 2025,true
ATSE-VDI-CAD07,August 2025,true
ATSE-VDI-CAD06,July 2025,true
ATSE-LT-MONT113,July 2025,true
ATSE-LT-FF01,September 2025,true
ATSE-LT-CAD062,September 2025,true
ATSE-LT-PROD018,September 2025,true
DEKA-LT-SW01,September 2025,true
ATSE-CL-MAG05,September 2025,true
ATSE-LT-SV42,August 2025,true
ATSE-LT-EDV10,September 2025,true
ATSE-LT-GF03,September 2025,true
ATSE-LT-EDV24,September 2025,true
ATSE-TEST-W10D1,July 2025,true
ATSE-LT-PROD015,September 2025,true
DEKA-LT-MONT04,September 2025,true
UKTE-LT-SV06,August 2025,true
ATSE-LT-LV11,September 2025,true
ATSE-CL-MAG67,September 2025,true
ATSE-CL-NC005,September 2025,true
ATSE-LT-MAG16,September 2025,true
ATSE-VM-SVPC30,August 2025,true
ATSE-VM-SVPC27,June 2025,false
ATSE-VM-SVPC20,September 2025,true
ATSE-VM-SVPC24,June 2025,false
ATSE-VM-SVPC22,September 2025,true
ATSE-VM-SVPC21,August 2025,true
ATSE-VM-SVPC28,August 2025,true
ATSE-VM-SVPC25,June 2025,false
ATSE-VM-SVPC26,June 2025,false
ATSE-VM-SVPC23,June 2025,false
ATSE-VM-SVPC29,June 2025,false
ESCO-LT-SW15,August 2025,true
UKTE-CL-WH01,September 2025,true
ATSE-CL-BDE0543,September 2025,true
AUBE-LT-ACC08,September 2025,true
ATSE-CL-SV09,September 2025,true
ATSE-CL-SL02,September 2025,true
ATSE-CL-MAG37,September 2025,true
ATSE-LT-EDV85,September 2025,true
ATSE-LT-DEV03,September 2025,true
ATSE-LT-PRODM02,September 2025,true
ATSE-CL-MAG24,September 2025,true
AEDU2-LT-SERV63,September 2025,true
ATSE-LT-LBA01,September 2025,true
ATSE-LT-BH35,September 2025,true
AEDU2-LT-SERV65,September 2025,true
ATSE-VDI-NC06,August 2025,true
ATSE-LT-TD04,September 2025,true
ATSE-LT-EDV73,September 2025,true
ATSE-LT-MONT023,September 2025,true
ATSE-LT-TD07,September 2025,true
ATSE-LT-MONT021,September 2025,true
ATSE-LT-BH08,September 2025,true
ATSE-LT-BDE0068,September 2025,true
ATSE-LT-BH10,September 2025,true
ATSE-LT-BDE0123,September 2025,true
ATSE-LT-MONT033,August 2025,true
ATSE-LT-MONT029,September 2025,true
CNSH-LT-VK15,September 2025,true
ATSE-LT-MAG17,September 2025,true
AEDU2-LT-SERV61,July 2025,true
ATSE-LT-MAG72,September 2025,true
ATSE-LT-PM03,September 2025,true
ATSE-LT-QM04,September 2025,true
ATSE-LT-PROD005,September 2025,true
ATSE-LT-TD08,September 2025,true
ATSE-LT-SL03,September 2025,true
CNSH-LT-ACC05,September 2025,true
ATSE-LT-PROD006,September 2025,true
LIVI-LT-ACC06,September 2025,true
ATSE-CL-BDE0507,September 2025,true
ATSE-CL-BDE0070,September 2025,true
ATSE-CL-BDE0063,May 2025,false
ATSE-LT-AV02,September 2025,true
ATSE-LT-SV24,September 2025,true
ATSE-LT-ETECH29,September 2025,true
ATSE-LT-AV06,September 2025,true
DECE-LT-CAD03,August 2025,true
ATSE-LT-MONT002,August 2025,true
ATSE-LT-BH19,September 2025,true
ATSE-CL-BDE0533,September 2025,true
ATSE-LT-PRODM01,September 2025,true
USBU-CL-SVR03,September 2025,true
USBU-CL-SVR04,September 2025,true
ATSE-LT-MONT007,September 2025,true
ATSE-LT-DEV19,September 2025,true
ATSE-LT-PJ01,September 2025,true
ATSE-CL-BDE0026,September 2025,true
ATSE-LT-TS03,September 2025,true
ATSE-LT-QM10,September 2025,true
ATSE-LT-BDE0054,July 2025,true
ATSE-LT-BDE0125,September 2025,true
ATSE-CL-BDE0556,September 2025,true
ATSE-LT-MONT034,September 2025,true
ATSE-LT-SV37,September 2025,true
ATSE-LT-TS10,September 2025,true
AEDU2-LT-SERV67,September 2025,true
AEDU2-LT-DEV33,September 2025,true
AEDU2-LT-DEV34,September 2025,true
AEDU2-LT-DEV39,September 2025,true
